{"cameraMode":{"drawMode":0,"name":"Shaded","section":"Shading Mode"},"sceneLighting":false,"audioPlay":false,"sceneViewState":{"showFog":true,"showMaterialUpdate":false,"showSkybox":false,"showFlares":true,"showImageEffects":true,"showParticleSystems":true,"showVisualEffectGraphs":true,"m_FxEnabled":true},"in2DMode":false,"pivot":{"x":-0.9458320140838623,"y":-0.25108110904693606,"z":2.3587253093719484},"rotation":{"x":0.32553020119667055,"y":0.4055466055870056,"z":-0.15724904835224152,"w":0.8395451307296753},"size":2.266981840133667,"orthographic":false}