{"cameraMode":{"drawMode":0,"name":"Shaded","section":"Shading Mode"},"sceneLighting":false,"audioPlay":false,"sceneViewState":{"showFog":true,"showMaterialUpdate":false,"showSkybox":false,"showFlares":true,"showImageEffects":true,"showParticleSystems":true,"showVisualEffectGraphs":true,"m_FxEnabled":true},"in2DMode":false,"pivot":{"x":-0.500572919845581,"y":-0.2435518503189087,"z":0.14344000816345216},"rotation":{"x":0.7070316076278687,"y":0.00011858047946589068,"z":-0.00004597909719450399,"w":0.7071819305419922},"size":2.8250715732574465,"orthographic":true}