{"cameraMode":{"drawMode":0,"name":"Shaded","section":"Shading Mode"},"sceneLighting":false,"audioPlay":false,"sceneViewState":{"showFog":true,"showMaterialUpdate":false,"showSkybox":false,"showFlares":true,"showImageEffects":true,"showParticleSystems":true,"showVisualEffectGraphs":true,"m_FxEnabled":true},"in2DMode":false,"pivot":{"x":0.03986448049545288,"y":-0.3068469762802124,"z":2.1122279167175295},"rotation":{"x":0.31331610679626467,"y":0.5530600547790527,"z":-0.23572176694869996,"w":0.7351152300834656},"size":2.777984380722046,"orthographic":false}