{"cameraMode":{"drawMode":0,"name":"Shaded","section":"Shading Mode"},"sceneLighting":false,"audioPlay":false,"sceneViewState":{"showFog":true,"showMaterialUpdate":false,"showSkybox":true,"showFlares":true,"showImageEffects":true,"showParticleSystems":true,"showVisualEffectGraphs":true,"m_FxEnabled":true},"in2DMode":false,"pivot":{"x":-1.4483375549316407,"y":-0.699608325958252,"z":0.873274564743042},"rotation":{"x":0.4518856406211853,"y":0.008028268814086914,"z":-0.004067223984748125,"w":0.8920316100120544},"size":3.1071064472198488,"orthographic":false}