{"cameraMode":{"drawMode":0,"name":"Shaded","section":"Shading Mode"},"sceneLighting":false,"audioPlay":false,"sceneViewState":{"showFog":true,"showMaterialUpdate":false,"showSkybox":true,"showFlares":true,"showImageEffects":true,"showParticleSystems":true,"showVisualEffectGraphs":true,"m_FxEnabled":true},"in2DMode":false,"pivot":{"x":-0.03817594423890114,"y":-0.007547736167907715,"z":0.35460445284843447},"rotation":{"x":0.16720415651798249,"y":-0.6110609769821167,"z":0.1340809464454651,"w":0.7620166540145874},"size":1.335978627204895,"orthographic":true}