{"cameraMode":{"drawMode":0,"name":"Shaded","section":"Shading Mode"},"sceneLighting":false,"audioPlay":false,"sceneViewState":{"showFog":true,"showMaterialUpdate":false,"showSkybox":true,"showFlares":true,"showImageEffects":true,"showParticleSystems":true,"showVisualEffectGraphs":true,"m_FxEnabled":true},"in2DMode":false,"pivot":{"x":1.3810150623321534,"y":0.7963097095489502,"z":0.5071103572845459},"rotation":{"x":0.587413489818573,"y":0.008496865630149842,"z":-0.006168181076645851,"w":0.8092203140258789},"size":8.029244422912598,"orthographic":false}