{"cameraMode":{"drawMode":0,"name":"Shaded","section":"Shading Mode"},"sceneLighting":false,"audioPlay":false,"sceneViewState":{"showFog":true,"showMaterialUpdate":false,"showSkybox":false,"showFlares":true,"showImageEffects":true,"showParticleSystems":true,"showVisualEffectGraphs":true,"m_FxEnabled":true},"in2DMode":false,"pivot":{"x":-0.9886554479598999,"y":-0.548521876335144,"z":3.8341076374053957},"rotation":{"x":0.30378472805023196,"y":0.12387152761220932,"z":-0.039870455861091617,"w":0.9438124895095825},"size":0.8660285472869873,"orthographic":false}